authorityId,authorityName,mofIndexUrl,authorityLandingUrl,sourceId,sourceRole,sourceUrl,acquisitionStatus,acquisitionMethod,sha256,byteSize,pageCount,orientation,pageSize,pdfVersion,producer,creator,encrypted,packageModel,packageFileCount,hasCover,hasToc,hasSummary,hasDetail,hasStaffingTable,hasOrganizationHierarchy,hasSectionHierarchy,hasExpenseHierarchy,hasRequestNumber,requestNumberStyle,hasExpenseCode,expenseCodePattern,expenseCodeExamples,amountStructure,hasPreviousBudget,hasRequestAmount,hasDelta,hasRemarks,unit,unitScopeObserved,tocGranularity,summaryToDetailReference,headerRepeatBehavior,contextDependencyObserved,representativeOpeningLocator,representativeDetailLocator,representativeContinuationLocator,notableDifference,existingCaseId,provisionalFormatFamily,familyConfidence,evidenceRefs,notes
digital,デジタル庁,https://www.mof.go.jp/policy/budget/budger_workflow/budget/fy2024/2024yokyuippan_link.html,not_exhaustively_checked,digital-r6-request-table-01,detail,not_established,acquired,not_established,not_established,not_established,not_established,not_established,not_established,not_established,not_established,not_established,not_established,not_established,not_established,unknown,unknown,unknown,true,unknown,unknown,true,true,true,plain_integer_observed(4),true,NN-NN,01-95,three_column_triple,true,true,true,true,千円,not_exhaustively_checked,not_established,not_established,not_established,not_established,not_established,pdfPageIndex 11,not_established,own independent format elements per case-001 source profile (not re-surveyed here),case-001,[INTERPRETATION] unclassified pending re-integration,low(reused_evidence_only),fixtures/document-understanding/case-001/document-profile.json,Reused from already-committed case-001 evidence per census task section 5/12; not re-surveyed. Several fields not_established because case-001 predates this repository's own source-acquisition/profiling conventions.
meti,経済産業省,https://www.meti.go.jp/main/yosangaisan/fy2024/index.html,https://www.meti.go.jp/main/yosangaisan/fy2024/index.html,meti-fy2024-general-account-request,combined,https://www.meti.go.jp/main/yosangaisan/fy2024/pdf/ippan_o.pdf,acquired,browser-fetch(waf),see_source-lock.json,not_recorded_here,106,landscape,A4,not_established,List Creator,not_established,false,single_combined_pdf,1,true,unknown,true,true,true,true,true,true,true,circled_numeral(①),true,NN-NN,01-95,three_column_triple,true,true,true,true(contaminated_same_line_case),千円,"page-level, confirmed on target page",not_established,not_established,not_established,not_established,not_established,pdfPageIndex 8,not_established,annotation-column-on-same-line-as-triple pattern broke flat-engine parsing (case-002 finding),case-002,[INTERPRETATION] List-Creator combined-ledger family,medium(reused_evidence_only),fixtures/document-understanding/case-002/document-profile.json,Reused from already-committed case-002 evidence; not re-surveyed.
soumu,総務省,https://www.soumu.go.jp/menu_yosan/yosan_R06.html,https://www.soumu.go.jp/menu_yosan/yosan_R06.html,mic-fy2024-general-account-expenditure-request,combined,https://www.soumu.go.jp/main_content/000901372.pdf,acquired,plain-fetch,see_source-lock.json,not_recorded_here,454,landscape,A4,not_established,List Creator,not_established,false,single_combined_pdf,1,true,true,true,true,unknown,true,true,true,true,circled_numeral(①),true,NN-NN,01-95,three_column_triple,true,true,true,true(empty_on_target_row),千円,"page-level, confirmed on target page",organization/item-level,not_established,not_established,not_established,not_established,pdfPageIndex 8,not_established,deeper intermediate breakdown level than case-002 (case-003 finding),case-003,[INTERPRETATION] List-Creator combined-ledger family,medium(reused_evidence_only),fixtures/document-understanding/case-003/20260926_1443_Case003_MIC_Source_Survey.md,Reused from already-committed case-003 evidence; not re-surveyed.
mext,文部科学省,https://www.mext.go.jp/a_menu/yosan/r01/1420672_00009.htm,https://www.mext.go.jp/a_menu/yosan/r01/1420672_00009.htm,mext-fy2024-general-account-expenditure-request-detail,detail,not_recorded_here,acquired,plain-fetch,see_source-lock.json,not_recorded_here,1339,landscape,A4,not_established,not_recorded(sibling_files_show_List_Creator_or_Acrobat_Distiller),not_established,true(permission-only AES-256),split_4_sibling_files,4,true(sibling_file),true(sibling_file),true(sibling_file),true,true(sibling_file),true,true,true,true,circled_numeral(①)_and_plain_integer(111+),true,NN-NN,"01-95, 16-15",three_column_triple,true,true,true,true(empty_on_target_row),千円,"table-wide, established from file's own first page, not present on target page",organization/item-level(sibling_file),not_established,zero-or-one-page lookback (11/11 sampled boundaries),item-header absent from target page in ~half of sampled boundaries,pdfPageIndex 0,pdfPageIndex 2,not_established,"4-file split packaging, document-wide encryption, table-wide-once unit convention, multiple embedded-matrix anomaly families",case-004,[INTERPRETATION] split-package encrypted-ledger family,"high(reused_evidence_only, extensively re-diagnosed)",fixtures/document-understanding/case-004/20260926_2029_Case004_MEXT_Source_Survey.md,Reused from already-committed case-004 evidence; not re-surveyed.
mlit,国土交通省,https://www.mlit.go.jp/page/kanbo05_hy_003158.html,https://www.mlit.go.jp/page/kanbo05_hy_003158.html,mlit-fy2024-general-account-expenditure-request,combined,https://www.mlit.go.jp/page/content/001630995.pdf,acquired,plain-fetch,4eebb84cec72a4b3b11a2b89c41093550bef5a07095d5c7b178e238406b08217,2115896,1097,landscape,A4,1.3,List Creator,not_established,false,single_combined_pdf_granular_toc,1,true,true,true,true,unknown,true,true,true,true,circled_numeral(①)_and_plain_integer(111+),true,NN-NN,05-95,three_column_triple_plus_two_part_split_in_summary,true,true,true,true(empty_on_target_row),千円,"page-level, confirmed on target page",expense-line-level(most_granular_of_case-001-005),true(明細書頁数 cross-reference column in 総表),page-local(item-header present on target page),none(same-page context sufficed for sampled row),pdfPageIndex 0,pdfPageIndex 28,not_established,"expense-line-level TOC, itemized summary table with detail-page cross-reference, 12 internal organizations (widest surveyed)",case-005,[INTERPRETATION] combined-ledger-with-cross-reference family,high(reused_evidence_only),fixtures/document-understanding/case-005/20260927_0806_Case005_MLIT_Source_Survey.md,Reused from already-committed case-005 evidence; not re-surveyed.
maff,農林水産省,https://www.maff.go.jp/j/budget/230901.html,https://www.maff.go.jp/j/budget/230901.html,maff-fy2024-general-account-expenditure-request,combined,https://www.maff.go.jp/j/budget/attach/pdf/230901-2.pdf,acquired,plain-fetch,01240bbecb2c3086809a1ba6cd85f60283073b74c8318115852e7e2df82d717e,1276026,378,landscape,A4,1.7,List Creator,not_recorded,false,single_combined_pdf,1,not_exhaustively_checked,not_exhaustively_checked,not_exhaustively_checked,true,not_exhaustively_checked,true,true,true,true,not_exhaustively_checked,true,NN-NNNN,05-0100,three_column_triple,true,true,true,true(populated_on_sampled_page),not_exhaustively_checked,not_exhaustively_checked,not_exhaustively_checked,not_observed,not_exhaustively_checked,not_exhaustively_checked,page1(pdftotext),"page20(pdftotext), printed 農（本） 14",not_exhaustively_checked,"expense-code pattern here observed as NN-NNNN (4-digit suffix), not NN-NN as in case-001-005 -- an [OBSERVATION] not yet reconciled",n/a,[INTERPRETATION] List-Creator combined-ledger family,low(single_page_sample),"sources/source-lock.json, this task's pdftotext sample",[OBSERVATION] Single interior page sampled via pdftotext -layout only; not exhaustively checked across the document. Standard ledger grammar confirmed present.
env,環境省,https://www.env.go.jp/guide/budget/r06/page_00887.html,https://www.env.go.jp/guide/budget/r06/page_00887.html,env-fy2024-general-account-expenditure-request,combined,https://www.env.go.jp/content/000157010.pdf,acquired,plain-fetch,01170b6cc3b7518360718ef9d9c477f83c9481ad33640c502d8e4caf1e45a4dd,477183,193,landscape,A4,1.3,not_recorded,not_recorded,false,single_combined_pdf,1,not_exhaustively_checked,not_exhaustively_checked,true,not_exhaustively_checked,not_exhaustively_checked,true,unknown,true,unknown(not_visible_on_sampled_page),unknown,unknown(not_visible_on_sampled_page),not_observed,not_observed,split_subcolumns(一般行政経費/その他の経費/計)_both_years,true,true,true,unknown,unknown(not_labeled_on_sampled_page),not_exhaustively_checked,not_exhaustively_checked,true(明細書頁数_column_present),not_exhaustively_checked,not_exhaustively_checked,page1(pdftotext),"page20(pdftotext), printed 環 16",not_exhaustively_checked,"[OBSERVATION] sampled page is itself a 総表-style summary table (split amount subcolumns + explicit 明細書頁数 cross-reference into a detail section), structurally similar to case-005/MLIT's own 総表 mechanism -- this specific page shows a populated '005 特別会計へ繰入' line",n/a,[INTERPRETATION] cross-reference-summary family (tentatively same family as mlit),"low(single_page_sample, sampled page may be the summary section not the detail ledger)","sources/source-lock.json, this task's pdftotext sample","[OBSERVATION] Single page sampled landed in what appears to be a 総表 (summary) section, not yet confirmed whether a separate 明細表-style expense-code ledger exists later in the same PDF -- deferred, not exhaustively checked."
mhlw,厚生労働省,https://www.mhlw.go.jp/wp/yosan/yosan/24syokan/05.html,https://www.mhlw.go.jp/wp/yosan/yosan/24syokan/index.html,mhlw-fy2024-general-account-expenditure-request-detail,narrative_detail(not_ledger),https://www.mhlw.go.jp/wp/yosan/yosan/24syokan/dl/01-02.pdf,acquired,plain-fetch,bd24b0e5bb8a9f45b56e0b2f3cb576eee9249aee30c7b0c1cb8fafa0bf19d1c4,33194469,132,portrait,A4,1.4,JUST PDF 4,not_recorded,false,split_10_sibling_files(narrative-explanation_style),10,unknown,true(separate_01-05.pdf),unknown,false(no_formal_ledger_table_found_on_this_authoritys_public_page),unknown,false(not_observed_in_this_format),false,false,false,not_applicable,false,not_applicable,not_applicable,headline_single_figure_per_project(令和6年度概算要求額 X億円（前年度Y億円）),true(parenthetical_only),true,false(not_columnar),not_applicable,"億円/百万円(varies_per_project, mixed_within_document)","per-project, not table-wide",not_applicable(narrative_document),not_applicable,not_applicable,not_applicable,page1,"page30/50/70/90(pdftotext, all narrative)",not_applicable,"MAJOR OUTLIER: [FACT] this authority's public FY2024 materials contain no formal 組織/項/経費 itemized ledger table under any of the 10 PDFs listed on its own index page -- a genuinely different document TYPE (policy-narrative report), not merely a different packaging of the same ledger grammar",n/a,[INTERPRETATION] narrative-only family (no ledger observed),"medium(page_confirmed_via_full_10-file_listing_review, not exhaustive page-by-page confirmation of absence)","this task's WebFetch of mhlw 24syokan/index.html full file listing, pdftotext samples","[FACT] Disclosed as a genuine finding, not an acquisition failure -- the PDF was successfully acquired and inspected; it simply does not contain the ledger grammar this census is looking for. Whether MHLW publishes a formal ledger table through some other channel (e.g. internal-only, or a differently-named page) was not investigated further in this pass."
cfa,こども家庭庁,https://www.cfa.go.jp/policies/budget/,https://www.cfa.go.jp/policies/budget/,cfa-fy2024-general-account-expenditure-request,combined,https://www.cfa.go.jp/assets/contents/node/basic_page/field_ref_resources/88749a20-e454-4a5b-9da8-3a32e1788a23/585bb95a/20230907_policies_budget_04.pdf,acquired,plain-fetch,49a975a4436da6d53319a32ca745e2d110c42839c441c6302a7361ed9a62e4cc,284727,147,landscape,A4,1.3,List Creator,not_recorded,false,single_combined_pdf,1,not_exhaustively_checked,not_exhaustively_checked,not_exhaustively_checked,true,not_exhaustively_checked,true,true,true,true,not_exhaustively_checked,unknown(not_visible_on_sampled_page),not_observed_on_sampled_page,not_observed_on_sampled_page,three_column_triple,true,true,true,"true(populated_on_sampled_page, @-unit-cost breakdown)",not_exhaustively_checked,not_exhaustively_checked,not_exhaustively_checked,not_observed,not_exhaustively_checked,not_exhaustively_checked,page1,"page10(pdftotext), printed 内（こ） 6",not_exhaustively_checked,printed page-label prefix '内（こ）' shows CFA sharing 内閣府 page-labeling convention as a newly-created FY2023 external bureau,n/a,[INTERPRETATION] List-Creator combined-ledger family,low(single_page_sample),"sources/source-lock.json, this task's pdftotext sample","[OBSERVATION] Single interior page sampled; standard ledger grammar confirmed present, expense code not visible on this specific sampled page (a staffing-cost breakdown sub-section)."
fsa,金融庁,https://www.fsa.go.jp/common/budget/yosan/6youkyuu-2.html,https://www.fsa.go.jp/common/budget/yosan/6youkyuu-2.html,fsa-fy2024-general-account-expenditure-request-full,full(one_of_12_role-split_files),https://www.fsa.go.jp/common/budget/yosan/6youkyuu-2/01.pdf,acquired,plain-fetch,9803cfd8e2f33592ae01612cce6e570e56208f1a758027b09d69055cff91cb9b,10729200,77,landscape,A4,1.4,DocuWorks PDF Build 7.0.10,DocuWorks Desk 9.1.0,false,split_12_sibling_files(most_granular_split_observed),12,unknown,"true(separate_02.pdf,_labeled_cover/toc/summary)",true(separate_02.pdf),true,true(separate_11.pdf),true(visually_confirmed),true(visually_confirmed),true(visually_confirmed),"true(visually_confirmed, column present)",not_machine_readable(no_text_layer),true(visually_confirmed),not_machine_readable(no_text_layer),not_machine_readable(no_text_layer),three_column_triple(visually_confirmed),true,true,true,true(visually_confirmed),not_machine_readable(no_text_layer),not_exhaustively_checked,not_exhaustively_checked,not_exhaustively_checked,not_exhaustively_checked,not_exhaustively_checked,page1,"page20(rendered image), printed 内（金） 19",not_exhaustively_checked,"MAJOR FINDING: [FACT] pdffonts reports zero embedded fonts; pdftotext returns empty text on every sampled page across the whole file -- this PDF has NO text layer at all (confirmed rasterized/scanned), despite visually showing the identical standard ledger grammar as every text-layer authority in this census. Also the most granular package split observed (12 role-suffixed files, exceeding case-004/MEXT's own 4-file split).",n/a,[INTERPRETATION] rasterized-no-text-layer ledger family,high(directly_confirmed_via_pdffonts+pdftotext+visual_render),this task's pdffonts/pdftotext/pdftoppm output,"[FACT] Any pdf.js/PyMuPDF/Docling text-based extraction engine would recover ZERO text from this document -- a categorically different engine-failure mode from any of case-001-005, none of which lacked a text layer entirely."
npa,警察庁,https://www.npa.go.jp/policies/budget/r6/gaisanyokyu/index.html,https://www.npa.go.jp/policies/budget/r6/gaisanyokyu/index.html,npa-fy2024-general-account-expenditure-request,combined,https://www.npa.go.jp/policies/budget/r6/gaisanyokyu/ippankaikei.pdf,acquired,plain-fetch,efbfdfefbf4d6c4f85c1da1867348c96964a56fefe6d4c952291e2bf3448e837,382336,112,landscape,A4,1.4,JUST PDF 4,not_recorded,false,single_combined_pdf,1,not_exhaustively_checked,not_exhaustively_checked,not_exhaustively_checked,true,not_exhaustively_checked,true,true,true,true,not_exhaustively_checked,unknown(not_visible_on_sampled_page),not_observed_on_sampled_page,not_observed_on_sampled_page,three_column_triple,true,true,true,"true(populated, includes footnote-style annotation)",not_exhaustively_checked,not_exhaustively_checked,not_exhaustively_checked,not_observed,not_exhaustively_checked,not_exhaustively_checked,page1,"page10(pdftotext), printed 内（警） 8",not_exhaustively_checked,"long subordinate accounting code 'NNNNN-NNNN-NN-NNNN' shape (95014-2115-16-7500), same convention as case-004/MEXT sub-line-items; JUST PDF 4 toolchain (2nd instance in this census, shared with mhlw)",n/a,"[INTERPRETATION] JUST-PDF combined-ledger family (tentative, shares producer with mhlw but mhlw lacks ledger content)",low(single_page_sample),"sources/source-lock.json, this task's pdftotext sample","[OBSERVATION] Producer match with mhlw is NOT treated as same-family evidence per this census's own rule (same producer alone insufficient) -- mhlw's own document is a different TYPE entirely (narrative, no ledger)."
moj,法務省,https://www.moj.go.jp/kaikei/bunsho/kaikei02_00121.html,https://www.moj.go.jp/kaikei/bunsho/kaikei02_00121.html,moj-fy2024-general-account-expenditure-request,combined,https://www.moj.go.jp/content/001402818.pdf,acquired,plain-fetch,bd5ce9c5dee48b03407e9a8d4050f3992c8a515f510c0339364316448dd9cf8c,147742864,737,portrait,A4,1.5,JUST PDF 5,not_recorded,false,single_combined_pdf,1,not_exhaustively_checked,not_exhaustively_checked,not_exhaustively_checked,true,not_exhaustively_checked,unknown(not_confirmed_on_sampled_page),unknown,unknown(not_confirmed_on_sampled_page),"true(column_present, visually_confirmed)",not_machine_readable(no_text_layer),true(visually_confirmed),NN-NN(visually_confirmed:_95014-2123-09-5510_style)_not_machine_readable,"95014-2123-09-5510, 95199-2133-09-9030 (visually transcribed, not extracted)",three_column_triple(visually_confirmed),true,true,true,"true(visually_confirmed, dense computational annotations e.g. multiplication formulas)",not_machine_readable(no_text_layer),not_exhaustively_checked,not_exhaustively_checked,not_exhaustively_checked,not_exhaustively_checked,not_exhaustively_checked,page1,"page20(rendered image), printed 法（本） 16",not_exhaustively_checked,"MAJOR FINDING, same family as fsa: [FACT] pdffonts reports zero embedded fonts; pdftotext returns empty text at every sampled page across this 737-page document -- NO text layer at all, confirmed rasterized/scanned via visual render showing identical standard ledger grammar. Largest page count (737) and largest byte size (147MB) in this census so far.",n/a,[INTERPRETATION] rasterized-no-text-layer ledger family,high(directly_confirmed_via_pdffonts+pdftotext+visual_render),this task's pdffonts/pdftotext/pdftoppm output,"[FACT] Same rasterized-no-text-layer family as fsa, independently confirmed. Any text-based extraction engine recovers zero rows from this document."
mof,財務省,https://www.mof.go.jp/about_mof/mof_budget/budget/fy2024/2024ippan_2.pdf,not_applicable(direct_pdf_link_on_MOF_index),mof-fy2024-general-account-expenditure-request,combined,https://www.mof.go.jp/about_mof/mof_budget/budget/fy2024/2024ippan_2.pdf,acquired,plain-fetch,6cc573bf64747e4ceb41597cc83e371f5d8144a02e3e9033501597d64cfbbc5e,794391,297,landscape,A4,1.6,List Creator,not_recorded,"true(permission-only AES, print:yes copy:yes change:no addNotes:no)",single_combined_pdf,1,not_exhaustively_checked,not_exhaustively_checked,not_exhaustively_checked,true,not_exhaustively_checked,true,true,true,true,not_exhaustively_checked,unknown(not_visible_on_sampled_page),not_observed_on_sampled_page,not_observed_on_sampled_page,three_column_triple,true,true,true,"true(populated, dense sub-item breakdown with ｉ/ｊ/ｋ lettered sub-items)",not_exhaustively_checked,not_exhaustively_checked,not_exhaustively_checked,not_observed,not_exhaustively_checked,not_exhaustively_checked,page1,"page20(pdftotext), printed 財（本） 17",not_exhaustively_checked,"fullwidth-romanized lettered sub-item scheme (ｉ,ｊ,ｋ) not observed in case-001-005 or elsewhere in Batch A so far; same permission-only AES encryption class as case-004/MEXT",n/a,[INTERPRETATION] List-Creator combined-ledger family (encrypted variant),low(single_page_sample),"sources/source-lock.json, this task's pdftotext sample","[OBSERVATION] Single interior page sampled; standard ledger grammar confirmed, expense code not visible on this specific sampled page (a facilities-management cost breakdown sub-section)."
mod,防衛省,https://www.mod.go.jp/j/budget/gaisan/index.html,https://www.mod.go.jp/j/budget/gaisan/index.html,not_applicable(acquisition_failed),not_applicable,https://www.mod.go.jp/j/budget/gaisan/index.html,failed,"plain-fetch(attempted),_WebFetch(attempted)",not_applicable,not_applicable,not_applicable,not_applicable,not_applicable,not_applicable,not_applicable,not_applicable,not_applicable,not_applicable,not_applicable,not_applicable,not_applicable,not_applicable,not_applicable,not_applicable,not_applicable,not_applicable,not_applicable,not_applicable,not_applicable,not_applicable,not_applicable,not_applicable,not_applicable,not_applicable,not_applicable,not_applicable,not_applicable,not_applicable,not_applicable,not_applicable,not_applicable,not_applicable,not_applicable,not_applicable,not_applicable,not_applicable,not_applicable(acquisition_failure),n/a,not_applicable(acquisition_failure),not_applicable,this task's curl/WebFetch attempt logs (HTTP 403 both via WebFetch and curl+browser-UA),"[FACT] Landing page itself returns HTTP 403 Forbidden via both WebFetch and plain curl with a browser User-Agent -- consistent with WAF/bot-protection, not yet resolved via browser-fetch/Playwright tooling. Recorded as a disclosed acquisition failure, not investigated further in this pass per the task's own instruction to not stall on one authority."
mofa,外務省,https://www.mofa.go.jp/mofaj/annai/yosan_kessan/mofa_yosan_kessan/index.html,https://www.mofa.go.jp/mofaj/annai/yosan_kessan/mofa_yosan_kessan/index.html,not_applicable(acquisition_failed),not_applicable,https://www.mofa.go.jp/mofaj/annai/yosan_kessan/mofa_yosan_kessan/index.html,failed,"plain-fetch(attempted),_WebFetch(attempted)",not_applicable,not_applicable,not_applicable,not_applicable,not_applicable,not_applicable,not_applicable,not_applicable,not_applicable,not_applicable,not_applicable,not_applicable,not_applicable,not_applicable,not_applicable,not_applicable,not_applicable,not_applicable,not_applicable,not_applicable,not_applicable,not_applicable,not_applicable,not_applicable,not_applicable,not_applicable,not_applicable,not_applicable,not_applicable,not_applicable,not_applicable,not_applicable,not_applicable,not_applicable,not_applicable,not_applicable,not_applicable,not_applicable,not_applicable(acquisition_failure),n/a,not_applicable(acquisition_failure),not_applicable,this task's curl/WebFetch attempt logs (HTTP 403 both via WebFetch and curl+browser-UA),"[FACT] Landing page itself returns HTTP 403 Forbidden via both WebFetch and plain curl with a browser User-Agent -- consistent with WAF/bot-protection, not yet resolved via browser-fetch/Playwright tooling. Recorded as a disclosed acquisition failure, not investigated further in this pass."
jinji,人事院,https://www.jinji.go.jp/yosan/6yosantop.html,https://www.jinji.go.jp/yosan/6yosantop.html,jinji-fy2024-general-account-expenditure-request,combined,https://www.jinji.go.jp/content/900024096.pdf,acquired,plain-fetch,2e0229d66535e4d94f1f35f5d6c169042a6461a20f963f80cbf8945972b61bd2,333580,98,landscape,A4,unknown,List Creator,unknown,false,single_combined_pdf,1,unknown,unknown,unknown,unknown,unknown,true,true,true,true,not_exhaustively_checked,unknown(not_visible_on_sampled_page),not_observed_on_sampled_page,not_observed_on_sampled_page,three_column_triple,true,true,true,true,not_exhaustively_checked,unknown,unknown,unknown,unknown,unknown,unknown,"page20(pdftotext), printed 内（人） 16",unknown,unknown,n/a,[INTERPRETATION] List-Creator combined-ledger family,low(single_page_sample),"sources/source-lock.json, pdftotext sample",[OBSERVATION] Standard ledger grammar confirmed present.
jftc,公正取引委員会,https://www.jftc.go.jp/soshiki/kyotsukoukai/yosan/yosankessan/r6.html,https://www.jftc.go.jp/soshiki/kyotsukoukai/yosan/yosankessan/r6.html,jftc-fy2024-general-account-expenditure-request,combined,https://www.jftc.go.jp/soshiki/kyotsukoukai/yosan/yosankessan/r6/r6sandanhyou.pdf,acquired,plain-fetch,036b395c72de3e0e81f07c337e9d45361cdaedf99831d690c3ea262dfb6b57e6,470253,140,landscape,A4,unknown,DocuWorks PDF Build 7.0.15.1,DocuWorks PDF Driver 7.0.15.1,false,single_combined_pdf,1,unknown,unknown,unknown,unknown,unknown,true,true,true,true,not_exhaustively_checked,unknown(not_visible_on_sampled_page),not_observed_on_sampled_page,not_observed_on_sampled_page,three_column_triple,true,true,true,true,not_exhaustively_checked,unknown,unknown,unknown,unknown,unknown,unknown,"page20(pdftotext), printed 内（取） 16",unknown,"Same DocuWorks producer family as fsa, but UNLIKE fsa this file HAS an embedded font and extractable text -- direct confirmation that producer alone does not determine text-layer presence (this census's own rule)",n/a,"[INTERPRETATION] List-Creator-equivalent combined-ledger family (DocuWorks, text-layer present)",medium(single_page_sample_plus_font_check),pdffonts+pdftotext output,[FACT] pdffonts confirms an embedded CID TrueType font; pdftotext successfully extracts readable Japanese text.
jcrc,カジノ管理委員会,https://www.jcrc.go.jp/about/budget.html,https://www.jcrc.go.jp/about/budget.html,jcrc-fy2024-general-account-expenditure-request,combined,https://www.jcrc.go.jp/content/000001746.pdf,acquired,plain-fetch,7632ed4048799b0f9b2001fef9a7ff94883885ff07e1145d55a4cd335f10583d,136759,17,landscape,A4,unknown,List Creator,unknown,true(permission-only AES-256),single_combined_pdf(small_commission),1,unknown,unknown,unknown,unknown,unknown,true,true,true,true,not_exhaustively_checked,true,NNNNN-NNNN-NN-NNNN(subordinate),95016-2111-02-0000,three_column_triple,true,true,true,true,not_exhaustively_checked,unknown,unknown,unknown,unknown,unknown,unknown,"page10(pdftotext), printed 内（カ） 6",unknown,Smallest page count (17) combined-ledger authority in this census so far -- entire 総表+明細表 fits in a small commission's own file,n/a,[INTERPRETATION] List-Creator combined-ledger family (encrypted variant),low(single_page_sample),pdftotext sample,[OBSERVATION] Standard ledger grammar confirmed present.
clb,内閣法制局,https://www.clb.go.jp/policy/budget/,https://www.clb.go.jp/policy/budget/detail/id=4473,clb-fy2024-general-account-expenditure-request,combined,https://www.clb.go.jp/files/topics/4473_ext_05_1.pdf,acquired,plain-fetch,dbd5467fe8a6d6f2fe44ac8fba5a5412a097c21feace047a082ae15eb03f57b5,84742,29,landscape,A4,unknown,JUST PDF 4,unknown,false,single_combined_pdf(small_body),1,unknown,unknown,unknown,unknown,unknown,true,true,true,true,not_exhaustively_checked,true,NNNNN-NNNN-NN-NNNN(subordinate),95016-2111-02-0000,three_column_triple,true,true,true,true,not_exhaustively_checked,unknown,unknown,unknown,unknown,unknown,unknown,"page10(pdftotext), printed 内（法） 6",unknown,unknown,n/a,[INTERPRETATION] JUST-PDF combined-ledger family (text-layer present),low(single_page_sample),pdftotext sample,[OBSERVATION] Standard ledger grammar confirmed present; JUST PDF 4 here HAS extractable text (contrast with no text-layer family below).
cao,内閣本府,https://www.cao.go.jp/yosan/yosan.html,https://www.cao.go.jp/yosan/soshiki/r06/yosangaisan_r6.html,cao-fy2024-general-account-expenditure-request-cover;cao-fy2024-general-account-expenditure-request-detail-01,split_~50_files(cover+per-division_detail),"https://www.cao.go.jp/yosan/soshiki/r06/pdf/0.pdf (cover), .../pdf/1.pdf (detail sample)",acquired,plain-fetch,see_source-lock.json(2_entries),42031+12180(2 files sampled of ~50),25(cover)+3(detail-01 sample),landscape,A4,unknown,List Creator,Adobe Acrobat Pro (64-bit) 23.3.20269(cover only),true(permission-only AES),split_~50_sibling_files(most_granular_split_in_census),~50,true,unknown,true(cover_file),true,unknown,true,true,true,true,not_exhaustively_checked,unknown(not_visible_in_3-page_sample),not_observed_in_sample,not_observed_in_sample,three_column_triple,true,true,true,unknown,千円(confirmed_on_detail-01_page),"page-level, confirmed on detail-01's own page",unknown,unknown,unknown,unknown,cao pdf/0.pdf page1,"cao pdf/1.pdf page1, printed 内（本） 19",unknown,"Package split into ~50 division-level files (pdf/0.pdf through pdf/50.pdf), exceeding fsa's 12-file split and case-004/MEXT's 4-file split -- the most granular packaging model observed in this entire census. Detail file shows the exact same '010 内閣本府/010 内閣本府共通費' organization/item-aggregate opening pattern already seen at the start of every case-002-005 selected row.",n/a,[INTERPRETATION] List-Creator combined-ledger family (extreme-split variant),medium(2_of_~50_files_sampled),pdftotext samples of both files,[OBSERVATION] Only 2 of ~50 files sampled; not exhaustively checked across all divisions.
cas,内閣官房/内閣,https://www.cas.go.jp/jp/yosan/index.html,https://www.cas.go.jp/jp/yosan/index.html,cas-fy2024-general-account-expenditure-request-overview,overview_only(no_ledger_found),https://www.cas.go.jp/jp/yosan/pdf/r6_yosan_gaisan.pdf,acquired,plain-fetch,94e10c6da13fb1c700f00705069f3f9ae7588f8d225644cda304163fe80f6dc4,482501,18,portrait,A4,unknown,Adobe PDF Library 23.3.247,Word 用 Acrobat PDFMaker 23,true(permission-only AES-256),unknown(only_overview_located),unknown,unknown,false,true,false(no_itemized_ledger_found_on_this_landing_page),unknown,false,false,false,false,not_applicable,false,not_applicable,not_applicable,headline_figure_per_initiative(百万円_unit),true(parenthetical),true,false(not_columnar),not_applicable,百万円,"per-section, not table-wide",unknown,unknown,unknown,unknown,page1,"page3(narrative, 内閣感染症危機管理統括庁 example)",unknown,"Second disclosed narrative-only outlier (alongside mhlw) -- 内閣官房's own FY2024 landing page, as directly checked, links only to a Word-produced policy overview, not a 組織/項/経費 ledger, distinct from every List-Creator/JUST-PDF-family authority surveyed so far",n/a,[INTERPRETATION] narrative-only family (same as mhlw),"low(single_landing_page_checked, not exhaustively searched for an alternate ledger route)","WebFetch of cas.go.jp/jp/yosan/index.html, pdfinfo/pdftotext of the overview PDF",[OBSERVATION] MOF's own index lists 内閣 and 内閣官房 as two separate rows sharing this identical URL; both resolve to the same single overview document -- no distinct 内閣-only document was found.
caa,消費者庁,https://www.caa.go.jp/policies/budget/,https://www.caa.go.jp/policies/budget/,caa-fy2024-general-account-expenditure-request,summary(観測位置のみ; 明細表位置は未確認),https://www.caa.go.jp/policies/budget/assets/cms_caa205_230914_03.pdf,acquired,plain-fetch,b6cc6fa0604ab64cbbf9867137db53883943b9d3b3adfd0fdc9d9eb59fd5e5d4,379836,200,landscape,A4,unknown,List Creator,unknown,true(permission-only AES),single_combined_pdf,1,unknown,unknown,true,not_exhaustively_checked(likely_present_later_in_200_pages),unknown,true,unknown,unknown,unknown(not_visible_on_sampled_page),unknown,unknown(not_visible_on_sampled_page),not_observed_on_sampled_page,not_observed_on_sampled_page,split_subcolumns(一般行政経費/その他の経費/計)_both_years,true,true,true,unknown,千円,not_exhaustively_checked,unknown,true(明細書_cross-reference_column_present),unknown,unknown,unknown,"page5(pdftotext), printed 内 1",unknown,"Same cross-reference-summary mechanism as env (split amount subcolumns + 明細書 page-number column) -- a 2nd confirmed instance, structurally similar to case-005/MLIT's own 総表",n/a,[INTERPRETATION] cross-reference-summary family (same tentative family as env),"low(single_page_sample, sampled page is the 総表, detail ledger not yet located within the 200 pages)",pdftotext sample,[OBSERVATION] Only the opening 総表 section sampled; whether a NN-NN-coded 明細表 exists later in this 200-page file was not checked.
ppc,個人情報保護委員会,https://www.ppc.go.jp/aboutus/budget/budget_R6/,https://www.ppc.go.jp/aboutus/budget/budget_R6/,ppc-fy2024-general-account-expenditure-request,combined,https://www.ppc.go.jp/files/pdf/230831youkyu.pdf,acquired,plain-fetch,0a9a58273e0f9c137414e062872c1c642ad0fa5aec403ae5e606c56f198db9a3,184218,30,landscape,A4,unknown,List Creator,unknown,true(permission-only AES-256),single_combined_pdf(small_commission),1,unknown,unknown,unknown,unknown,unknown,true,true,true,true,not_exhaustively_checked,unknown(not_visible_on_sampled_page),not_observed_on_sampled_page,not_observed_on_sampled_page,three_column_triple,true,true,true,true,not_exhaustively_checked,unknown,unknown,unknown,unknown,unknown,unknown,"page10(pdftotext), printed 内（個） 6",unknown,unknown,n/a,[INTERPRETATION] List-Creator combined-ledger family (encrypted variant),low(single_page_sample),pdftotext sample,[OBSERVATION] Standard ledger grammar confirmed present.
kunaicho-imperial,皇室費,https://www.kunaicho.go.jp/kunaicho/kunaicho/gaisanyokyu.html,https://www.kunaicho.go.jp/kunaicho/kunaicho/gaisanyokyu.html,kunaicho-fy2024-imperial-household-expense,combined,https://www.kunaicho.go.jp/kunaicho/kunaicho/pdf/r06-02.pdf,acquired,plain-fetch,ffab15073beb2411d9396f7ca0cbb1ce33ccdf99be05e6d0d88e29366912e261,79919,33,landscape,A4,unknown,List Creator,unknown,false,single_combined_pdf(small_body),1,unknown,unknown,unknown,unknown,unknown,true,true,true,true,not_exhaustively_checked,unknown(not_visible_on_sampled_page),not_observed_on_sampled_page,not_observed_on_sampled_page,three_column_triple,true,true,true,true,not_exhaustively_checked,unknown,unknown,unknown,unknown,unknown,unknown,"page15(pdftotext), printed 皇（皇） 10",unknown,Resolves population-freeze open question: 皇室費 and 宮内庁 share one MOF-listed landing URL but link to two genuinely distinct FY2024 PDFs,n/a,[INTERPRETATION] List-Creator combined-ledger family,low(single_page_sample),pdftotext sample,[OBSERVATION] Standard ledger grammar confirmed present.
kunaicho-agency,宮内庁,https://www.kunaicho.go.jp/kunaicho/kunaicho/gaisanyokyu.html,https://www.kunaicho.go.jp/kunaicho/kunaicho/gaisanyokyu.html,kunaicho-fy2024-agency-expense,combined,https://www.kunaicho.go.jp/kunaicho/kunaicho/pdf/r06-03.pdf,acquired,plain-fetch,8a1049d06d4e27183a6f292e6afdd83e134775fd58ca4b5895bbb325a8d6ee8b,300006,20,landscape,A4,unknown,List Creator,unknown,false,single_combined_pdf,1,unknown,unknown,unknown,unknown,unknown,true,true,true,true,not_exhaustively_checked,true,NNNNN-NNNN-NN-NNNN(subordinate),95016-2111-03-0000,three_column_triple,true,true,true,true,not_exhaustively_checked,unknown,unknown,unknown,unknown,unknown,unknown,"page10(pdftotext), printed 内（宮） 5",unknown,unknown,n/a,[INTERPRETATION] List-Creator combined-ledger family,low(single_page_sample),pdftotext sample,[OBSERVATION] Standard ledger grammar confirmed present.
courts,裁判所,https://www.courts.go.jp/about/yosan_kessan/vcmsFolder_1269/vcms_1269.html,https://www.courts.go.jp/about/yosan_kessan/vcmsFolder_1269/vcms_1269.html,courts-fy2024-general-account-expenditure-request,combined,https://www.courts.go.jp/vc-files/courts/2023/R06saisyutsu_gaisanyoukyusyo_720kb.pdf,acquired,plain-fetch,df43f2dc183da84fa9952ae4c5e17888177df186ad4c556ed1a519ba584e3c06,736439,127,landscape,A4,unknown,JUST PDF 3,unknown,false,single_combined_pdf,1,unknown,unknown,unknown,unknown,unknown,true,true,true,true,not_exhaustively_checked,unknown(not_visible_on_sampled_page),not_observed_on_sampled_page,not_observed_on_sampled_page,three_column_triple,true,true,true,true,not_exhaustively_checked,unknown,unknown,unknown,unknown,unknown,unknown,"page20(pdftotext), printed （裁） 16",unknown,"Third distinct JUST-PDF version observed in census (3, alongside 4 and 5)",n/a,[INTERPRETATION] JUST-PDF combined-ledger family (text-layer present),low(single_page_sample),pdftotext sample,[OBSERVATION] Standard ledger grammar confirmed present.
jbaudit,会計検査院,https://www.jbaudit.go.jp/jbaudit/bud_clo/bud/06.html,https://www.jbaudit.go.jp/jbaudit/bud_clo/bud/06.html,jbaudit-fy2024-general-account-expenditure-request,combined,https://www.jbaudit.go.jp/jbaudit/bud_clo/bud/pdf/r06/20230906_02.pdf,acquired,plain-fetch(retried with www. prefix after initial fetch failure),c7070f558f985d0062cec9c73736bebe3c24f1290b895ce89d5afc676b21b72b,271423,48,landscape,A4,unknown,JUST PDF 5,unknown,false,single_combined_pdf,1,unknown,unknown,unknown,unknown,unknown,true,true,true,true,not_exhaustively_checked,unknown(not_visible_on_sampled_page),not_observed_on_sampled_page,not_observed_on_sampled_page,three_column_triple,true,true,true,true,not_exhaustively_checked,unknown,unknown,unknown,unknown,unknown,unknown,"page20(pdftotext), printed 会（会） 16",unknown,"Circled-numeral (⑤⑥) sub-item marker convention, distinct from ｉ/ｊ/ｋ (mof) or （１）（２） (most others) conventions seen elsewhere in this census",n/a,[INTERPRETATION] JUST-PDF combined-ledger family (text-layer present),low(single_page_sample),pdftotext sample,"[OBSERVATION] Standard ledger grammar confirmed present. Non-www URL variant failed to resolve (fetch failed); www. prefix succeeded -- a minor, disclosed acquisition quirk, not a WAF/challenge."
shugiin,衆議院,https://www.shugiin.go.jp/internet/itdb_annai.nsf/html/statics/osirase/kaikei-gaisan.html,https://www.shugiin.go.jp/internet/itdb_annai.nsf/html/statics/osirase/kaikei-gaisan.html,not_applicable(not_found_on_live_page),not_applicable,https://www.shugiin.go.jp/internet/itdb_annai.nsf/html/statics/osirase/kaikei-gaisan.html,not_applicable(link_not_present_on_current_live_page),WebFetch(landing_page_reviewed),not_applicable,not_applicable,not_applicable,not_applicable,not_applicable,not_applicable,not_applicable,not_applicable,not_applicable,not_applicable,not_applicable,not_applicable,not_applicable,not_applicable,not_applicable,not_applicable,not_applicable,not_applicable,not_applicable,not_applicable,not_applicable,not_applicable,not_applicable,not_applicable,not_applicable,not_applicable,not_applicable,not_applicable,not_applicable,not_applicable,not_applicable,not_applicable,not_applicable,not_applicable,not_applicable,not_applicable,not_applicable,not_applicable,not_applicable,n/a,not_applicable(not_found),not_applicable,this task's WebFetch review of the authority's own current landing page,"[FACT] The authority's own current landing page (as fetched 2026-09-27) lists budget-request links for several other fiscal years but not a working FY2024 (令和6年度) link -- several of these pages explicitly state that documents older than ~4 years are retired to the National Diet Library's WARP archive service, which is out of this census's scope. This is a disclosed acquisition-difficulty finding (page-content rotation over time), not a WAF/technical failure and not evidence the document never existed."
sangiin,参議院,https://www.sangiin.go.jp/japanese/annai/oshirase/yosan-gaisan.html,https://www.sangiin.go.jp/japanese/annai/oshirase/yosan-gaisan.html,not_applicable(not_found_on_live_page),not_applicable,https://www.sangiin.go.jp/japanese/annai/oshirase/yosan-gaisan.html,not_applicable(link_not_present_on_current_live_page),WebFetch(landing_page_reviewed),not_applicable,not_applicable,not_applicable,not_applicable,not_applicable,not_applicable,not_applicable,not_applicable,not_applicable,not_applicable,not_applicable,not_applicable,not_applicable,not_applicable,not_applicable,not_applicable,not_applicable,not_applicable,not_applicable,not_applicable,not_applicable,not_applicable,not_applicable,not_applicable,not_applicable,not_applicable,not_applicable,not_applicable,not_applicable,not_applicable,not_applicable,not_applicable,not_applicable,not_applicable,not_applicable,not_applicable,not_applicable,not_applicable,not_applicable,n/a,not_applicable(not_found),not_applicable,this task's WebFetch review of the authority's own current landing page,"[FACT] The authority's own current landing page (as fetched 2026-09-27) lists budget-request links for several other fiscal years but not a working FY2024 (令和6年度) link -- several of these pages explicitly state that documents older than ~4 years are retired to the National Diet Library's WARP archive service, which is out of this census's scope. This is a disclosed acquisition-difficulty finding (page-content rotation over time), not a WAF/technical failure and not evidence the document never existed."
ndl,国立国会図書館,https://www.ndl.go.jp/jp/aboutus/outline/finances.html,https://www.ndl.go.jp/jp/aboutus/outline/finances.html,not_applicable(not_found_on_live_page),not_applicable,https://www.ndl.go.jp/jp/aboutus/outline/finances.html,not_applicable(link_not_present_on_current_live_page),WebFetch(landing_page_reviewed),not_applicable,not_applicable,not_applicable,not_applicable,not_applicable,not_applicable,not_applicable,not_applicable,not_applicable,not_applicable,not_applicable,not_applicable,not_applicable,not_applicable,not_applicable,not_applicable,not_applicable,not_applicable,not_applicable,not_applicable,not_applicable,not_applicable,not_applicable,not_applicable,not_applicable,not_applicable,not_applicable,not_applicable,not_applicable,not_applicable,not_applicable,not_applicable,not_applicable,not_applicable,not_applicable,not_applicable,not_applicable,not_applicable,not_applicable,n/a,not_applicable(not_found),not_applicable,this task's WebFetch review of the authority's own current landing page,"[FACT] The authority's own current landing page (as fetched 2026-09-27) lists budget-request links for several other fiscal years but not a working FY2024 (令和6年度) link -- several of these pages explicitly state that documents older than ~4 years are retired to the National Diet Library's WARP archive service, which is out of this census's scope. This is a disclosed acquisition-difficulty finding (page-content rotation over time), not a WAF/technical failure and not evidence the document never existed."
sotsui,裁判官訴追委員会,https://www.sotsui.go.jp/budget/index.html,https://www.sotsui.go.jp/budget/index.html,not_applicable(not_found_on_live_page),not_applicable,https://www.sotsui.go.jp/budget/index.html,not_applicable(link_not_present_on_current_live_page),WebFetch(landing_page_reviewed),not_applicable,not_applicable,not_applicable,not_applicable,not_applicable,not_applicable,not_applicable,not_applicable,not_applicable,not_applicable,not_applicable,not_applicable,not_applicable,not_applicable,not_applicable,not_applicable,not_applicable,not_applicable,not_applicable,not_applicable,not_applicable,not_applicable,not_applicable,not_applicable,not_applicable,not_applicable,not_applicable,not_applicable,not_applicable,not_applicable,not_applicable,not_applicable,not_applicable,not_applicable,not_applicable,not_applicable,not_applicable,not_applicable,not_applicable,n/a,not_applicable(not_found),not_applicable,this task's WebFetch review of the authority's own current landing page,"[FACT] The authority's own current landing page (as fetched 2026-09-27) lists budget-request links for several other fiscal years but not a working FY2024 (令和6年度) link -- several of these pages explicitly state that documents older than ~4 years are retired to the National Diet Library's WARP archive service, which is out of this census's scope. This is a disclosed acquisition-difficulty finding (page-content rotation over time), not a WAF/technical failure and not evidence the document never existed."
dangai,裁判官弾劾裁判所,https://www.dangai.go.jp/info/report.html,https://www.dangai.go.jp/info/report.html,not_applicable(not_found_on_live_page),not_applicable,https://www.dangai.go.jp/info/report.html,not_applicable(link_not_present_on_current_live_page),WebFetch(landing_page_reviewed),not_applicable,not_applicable,not_applicable,not_applicable,not_applicable,not_applicable,not_applicable,not_applicable,not_applicable,not_applicable,not_applicable,not_applicable,not_applicable,not_applicable,not_applicable,not_applicable,not_applicable,not_applicable,not_applicable,not_applicable,not_applicable,not_applicable,not_applicable,not_applicable,not_applicable,not_applicable,not_applicable,not_applicable,not_applicable,not_applicable,not_applicable,not_applicable,not_applicable,not_applicable,not_applicable,not_applicable,not_applicable,not_applicable,not_applicable,n/a,not_applicable(not_found),not_applicable,this task's WebFetch review of the authority's own current landing page,"[FACT] The authority's own current landing page (as fetched 2026-09-27) lists budget-request links for several other fiscal years but not a working FY2024 (令和6年度) link -- several of these pages explicitly state that documents older than ~4 years are retired to the National Diet Library's WARP archive service, which is out of this census's scope. This is a disclosed acquisition-difficulty finding (page-content rotation over time), not a WAF/technical failure and not evidence the document never existed."
