candidate,authorityId,rasterRepresentation,contextLifetime,packageTopology,embeddedSubstructure,crossReferenceSummary,scale,institutionalDiversity,alternateGrammar,recommendedRole,confidence,notes
法務省,moj,primary,not_applicable,single_file,not_checked,not_applicable,secondary(737_pages),ministry,not_checked,recommended_case_006,high,"Isolated rasterization axis, no package-split confound"
金融庁,fsa,primary_but_confounded,not_applicable,secondary(12-file_split),not_checked,not_applicable,not_applicable(77_pages),independent_commission,not_checked,deferred_alternative,high,"Confounds rasterization with 12-file split; deferred in favor of moj"
内閣官房,cas,not_applicable,primary,secondary(17-file_split_exhaustively_confirmed),not_checked,not_applicable,not_applicable,cabinet_secretariat,not_checked,recommended_case_007,high,"All 17 files individually acquired and inspected; file-scoped context confirmed"
裁判所,courts,not_applicable,not_yet_characterized,not_applicable(single_file),primary(3_distinct_structures_confirmed_this_review),possible_byproduct(重要政策推進枠_section),not_applicable(127_pages),judiciary,primary(定員表_vs_standard_ledger),recommended_case_008,high,"Minimal spot-check in this review confirmed embedded 定員表 AND embedded 重要政策推進枠要望額総表 within the same combined file"
内閣本府,cao,not_applicable,unconfirmed,primary(~50-file_split_only_2_of_50_sampled),not_checked,not_applicable,not_applicable,cabinet_office,not_checked,recommended_case_009_exploratory,low,"Package model confirmed; context mechanism explicitly unverified -- highest evidence deficit of the five"
厚生労働省,mhlw,not_applicable,not_applicable,not_applicable(single_ledger_file_among_10+_narrative_files),secondary(embedded_box_confirmed_this_review_4th_instance),present_not_selection_target,primary(1723_pages_largest_in_census),ministry,not_checked,recommended_case_010,high,"Scale is the primary justification; embedded-box mechanism corroborated via spot-check, not uniquely justifying"
裁判官弾劾裁判所,dangai,not_applicable,not_applicable,not_applicable(single_file),not_checked,primary_candidate(smallest_instance_9_pages),not_applicable,judiciary,not_checked,deferred_low_opportunity_cost,medium,"Cheapest possible future Case-011 if courts-byproduct approach (section 12) proves insufficient"
裁判官訴追委員会,sotsui,not_applicable,not_applicable,not_applicable(single_file),not_checked,primary_candidate(smallest_instance_8_pages),not_applicable,judiciary,not_checked,deferred_higher_risk,medium,"Higher provenance-ambiguity risk than dangai due to its own dual in-scope/out-of-scope document history"
公正取引委員会,jftc,negative_control(text_layer_present_despite_shared_DocuWorks_producer_with_fsa),not_applicable,not_applicable,not_checked,not_applicable,not_applicable,independent_commission,not_checked,not_a_candidate,not_applicable,"Cited only as evidence that producer identity does not determine representation family"
