sourceId,title,url,mimeType,fiscalYear,documentStage,publisher,fetchedAt,sha256,localRef,notes
digital-r6-request-table-01,令和6年度歳出概算要求書,https://www.digital.go.jp/assets/contents/node/basic_page/field_ref_resources/e9b99425-437c-4750-b4e2-6cca3cd877a6/0fab2c74/20230914_policies_budget_r6request_table_01.pdf,application/pdf,2024,request,デジタル庁,2026-09-24T22:49:03.038Z,b77f25b26b5caf82b0b6617fb1af9b3bba9df059a8bf9a8ede63de8d1a8cfe89,scripts/request-ingestion/fixtures/digital_r6_normal_extract.txt (curated extract; raw binary locked at sources/source-lock.json, not committed),"referenced by scripts/request-ingestion/source_manifest.json (adapter: digital-r6-request); binary hash-locked via npm run sources:lock, see sources/source-lock.json"
digital-r6-important-policy,重要政策推進枠 要望一覧,https://www.digital.go.jp/assets/contents/node/basic_page/field_ref_resources/e9b99425-437c-4750-b4e2-6cca3cd877a6/618da83d/20230914_policies_budget_r6request_table_03.pdf,application/pdf,2024,request,デジタル庁,2026-09-24T22:49:03.099Z,72fb06310b15cc9b1c5a95283a2c60fed567db06e5caefbe48d2f65f215cc070,scripts/request-ingestion/fixtures/digital_r6_policy_extract.txt (curated extract; raw binary locked at sources/source-lock.json, not committed),"referenced by scripts/request-ingestion/source_manifest.json (adapter: digital-r6-policy); binary hash-locked via npm run sources:lock, see sources/source-lock.json"
meti-fy2024-general-account-request,令和6年度歳出概算要求書（一般会計）,https://www.meti.go.jp/main/yosangaisan/fy2024/pdf/ippan_o.pdf,application/pdf,2024,request,経済産業省,2026-09-25T23:42:10.297Z,ba64c25df327161a33c293374a7255c203cc9a527130ece848574badefbf909a,sources/raw/meti-fy2024-general-account-request.pdf (git-ignored; binary hash-locked at sources/source-lock.json),"Official landing page: https://www.meti.go.jp/main/yosangaisan/fy2024/index.html. Plain fetch()-based acquisition (scripts/source-acquisition) failed: HTTP 202 with x-amzn-waf-action: challenge (AWS WAF Bot Control JS challenge) instead of the PDF. Successfully acquired via scripts/source-acquisition/browser-fetch (Playwright/Chromium 1.63.0, real browser session, landing page visited first) on 2026-09-25; downloaded bytes verified to start with the PDF magic number before locking. 106 pages, A4 landscape, Producer 'List Creator', not encrypted (per pdfinfo, no text/content extraction performed). Intended for case-002; see fixtures/document-understanding/case-002/20260926_0834_Case002_Selection_Protocol.md — no row has been selected yet."
mic-fy2024-general-account-expenditure-request,令和6年度歳出予算概算要求書（一般会計）,https://www.soumu.go.jp/main_content/000901372.pdf,application/pdf,2024,request,総務省,2026-09-26T05:43:05.759Z,cc54dbe5f689116619a1f8453747d47bca5b960137f90869ead26954d651703b,sources/raw/mic-fy2024-general-account-expenditure-request.pdf (git-ignored; binary hash-locked at sources/source-lock.json),"Discovered via two independent routes that agree: (1) MIC's own budget page https://www.soumu.go.jp/menu_yosan/yosan.html -> FY2024 (令和6年度) section -> https://www.soumu.go.jp/menu_yosan/yosan_R06.html (page title 令和6年度概算要求書及び政策評価調書); (2) MOF's official FY2024 cross-ministry request-document link table (https://www.mof.go.jp/policy/budget/budger_workflow/budget/fy2024/2024yokyuippan_link.html), whose 総務省 row's 歳入/歳出 columns both point to the same yosan_R06.html. Plain fetch() succeeded directly (HTTP 200, no WAF/JS challenge observed), so scripts/source-acquisition/browser-fetch (Playwright) was not used. Downloaded bytes verified to start with the PDF magic number before locking. 454 pages, A4 landscape, Producer 'List Creator', not encrypted, no text layer confirmed independently (per pdfinfo only; no text/content extraction performed) — same producer/orientation pattern as case-002's METI source. This is a candidate case-003 detailed source, structurally distinct from the summary document at https://www.soumu.go.jp/main_content/000897932.pdf (=898534.pdf, byte-identical, 38 pages, A4 portrait, Adobe Acrobat Pro). No row has been selected; no Ground Truth exists; not yet frozen as the case-003 source. See fixtures/document-understanding/case-003/20260926_1443_Case003_MIC_Source_Survey.md for full provenance."
mext-fy2024-general-account-expenditure-request-detail,第2表 概算要求額明細表（令和6年度歳出予算概算要求書）,https://www.mext.go.jp/content/20230914-mxt_kaikesou01-000031817_03.pdf,application/pdf,2024,request,文部科学省,2026-09-26T11:28:30.157Z,6df221dfd22c48e0f32dd59bcf2dbcbaad19720083be43005ce700b984a6bf71,sources/raw/mext-fy2024-general-account-expenditure-request-detail.pdf (git-ignored; binary hash-locked at sources/source-lock.json),"Discovered via two independent routes that agree: (1) direct search to MEXT's own page https://www.mext.go.jp/a_menu/yosan/r01/1420955_00005.htm (page title 令和6年度 概算要求書), whose [一般会計] section lists 令和6年度歳出予算概算要求書 as FOUR SEPARATE PDFs (表紙・目次 _01; 第1表概算要求額総表 _02; 第2表概算要求額明細表 _03 [this source]; 第3表概算要求定員表 _04); (2) MOF's official FY2024 cross-ministry request-document link table (https://www.mof.go.jp/policy/budget/budger_workflow/budget/fy2024/2024yokyuippan_link.html), whose 文部科学省 row links to https://www.mext.go.jp/a_menu/yosan/r01/1420672_00009.htm (MEXT's own FY2024 budget top page), which in turn links onward to the same 1420955_00005.htm page. Plain fetch() succeeded directly (HTTP 200, no WAF/JS challenge observed). Downloaded bytes verified to start with the PDF magic number before locking. 1339 pages, A4 landscape (842x595pt), no Producer field recorded (unlike sibling files _01/_02 which show Producer 'List Creator'), encrypted with owner-password restrictions (print:yes copy:yes change:no addNotes:no, AES-256 — permission-only, rendering/inspection unaffected, confirmed via successful pdftoppm rendering), per pdfinfo only, no text/content extraction performed. Genuinely new packaging model vs. case-002/case-003: MEXT publishes 総表/明細表/定員表 as four SEPARATE PDFs rather than one combined document; this file's own PDF page 1 begins immediately with 明細表 content (printed label 文（本）9, no embedded front matter), with the document-wide TOC/page-mapping and 総表 living in the separate sibling files. This is a candidate case-004 detailed source; no row has been selected; no Ground Truth exists; not yet frozen. See fixtures/document-understanding/case-004/20260926_2029_Case004_MEXT_Source_Survey.md for full provenance."
mlit-fy2024-general-account-expenditure-request,令和6年度歳出概算要求書（一般会計）,https://www.mlit.go.jp/page/content/001630995.pdf,application/pdf,2024,request,国土交通省,2026-09-26T23:03:27.167Z,4eebb84cec72a4b3b11a2b89c41093550bef5a07095d5c7b178e238406b08217,sources/raw/mlit-fy2024-general-account-expenditure-request.pdf (git-ignored; binary hash-locked at sources/source-lock.json),"Discovered via two independent routes that agree: (1) direct search to MLIT's own page https://www.mlit.go.jp/page/kanbo05_hy_003158.html (page title 令和6年度概算要求書 - 国土交通省), whose 一般会計歳出 link points to this single PDF; (2) MOF's official FY2024 cross-ministry request-document link table (https://www.mof.go.jp/policy/budget/budger_workflow/budget/fy2024/2024yokyuippan_link.html), whose 国土交通省 row's 歳入/歳出 columns both link to the same kanbo05_hy_003158.html page. Plain fetch() succeeded directly (HTTP 200, no WAF/JS challenge observed). Downloaded bytes verified to start with the PDF magic number before locking. 1097 pages, A4 landscape, PDF 1.3, Producer 'List Creator' (same toolchain fingerprint as METI/MIC/MEXT sibling files), NOT encrypted (unlike MEXT), CreationDate 2023-09-14 (same date as MEXT's own files, suggesting a shared government-wide generation batch). Genuinely different packaging from case-004 (MEXT): 総表・目次・明細表 all live in ONE combined PDF (closer to METI/MIC's own single-file model), but with two new structural features not seen in case-001-004: (a) an unusually long, granular document-wide 目次 (index) that itemizes every individual expense line with its own page number, not just organization/item headers; (b) a 総表 (summary table) that is itself already itemized down to individual expense-code rows, each carrying its own two-year amount columns plus a cross-reference 明細書頁数 (detail-book page number) column pointing into 明細表 -- confirmed to contain explicit '...自動車安全特別会計へ繰入' (transfer-into) line items, existence only, no MOF-CSV interpretation. 明細表 confirmed starting at printed page 19 (pdfPageIndex 28, PDF page 29), spanning 12 internal organizations per the document's own TOC (010 国土交通本省 through 110 海上保安庁, page range 19-995+, the widest organizational span of any case surveyed so far). This is a candidate case-005 detailed source; no row has been selected; no Ground Truth exists; not yet frozen. See fixtures/document-understanding/case-005/20260927_0806_Case005_MLIT_Source_Survey.md for full provenance."
maff-fy2024-general-account-expenditure-request,令和6年度歳出概算要求書（一般会計）,https://www.maff.go.jp/j/budget/attach/pdf/230901-2.pdf,application/pdf,2024,request,農林水産省,2026-09-27T10:13:24.704Z,01240bbecb2c3086809a1ba6cd85f60283073b74c8318115852e7e2df82d717e,sources/raw/maff-fy2024-general-account-expenditure-request.pdf (git-ignored; binary hash-locked at sources/source-lock.json),"378 pages, A4 landscape, Producer 'List Creator', not encrypted, PDF 1.7. Discovered via MOF cross-ministry link table -> MAFF's own budget landing page (maff.go.jp/j/budget/230901.html). Plain fetch succeeded (HTTP 200, no WAF). Standard ledger grammar confirmed on a sampled interior page (要求番号/事項/前年度予算額/6年度概算要求額/対前年度比較増△減/備考), printed page label '農（本）'. Part of FY2024 all-authority format census; no row selected, no Ground Truth."
env-fy2024-general-account-expenditure-request,令和6年度歳出概算要求書（一般会計）,https://www.env.go.jp/content/000157010.pdf,application/pdf,2024,request,環境省,2026-09-27T10:13:25.130Z,01170b6cc3b7518360718ef9d9c477f83c9481ad33640c502d8e4caf1e45a4dd,sources/raw/env-fy2024-general-account-expenditure-request.pdf (git-ignored; binary hash-locked at sources/source-lock.json),"193 pages, A4 landscape, no recorded Producer, not encrypted, PDF 1.3. Discovered via MOF cross-ministry link table -> ENV's own budget landing page. Plain fetch succeeded. NOTABLE structural difference from case-001-005: sampled interior page shows a split 一般行政経費/その他の経費/計 amount-subcolumn structure (both for 前年度予算額 and 概算要求額) AND an explicit 明細書頁数 (detail-page-number) cross-reference column pointing elsewhere in the document -- a summary-to-detail linkage mechanism structurally similar to case-005/MLIT's own 総表. Also directly shows a '005 特別会計へ繰入' line item with a populated non-zero amount. Part of FY2024 all-authority format census; no row selected, no Ground Truth."
mhlw-fy2024-general-account-expenditure-request-detail,令和6年度一般会計概算要求の詳細版,https://www.mhlw.go.jp/wp/yosan/yosan/24syokan/dl/01-02.pdf,application/pdf,2024,request,厚生労働省,2026-09-27T10:13:26.660Z,bd24b0e5bb8a9f45b56e0b2f3cb576eee9249aee30c7b0c1cb8fafa0bf19d1c4,sources/raw/mhlw-fy2024-general-account-expenditure-request-detail.pdf (git-ignored; binary hash-locked at sources/source-lock.json),"132 pages, A4 portrait, Producer 'JUST PDF 4' (a toolchain not seen in case-001-005 or elsewhere in this census's Batch A so far), not encrypted, PDF 1.4. Discovered via MOF cross-ministry link table -> MHLW's own FY2024 budget-request index page (2 redirects needed: general index -> 24syokan/index.html -> this file). IMPORTANT DISCLOSED FINDING: despite its filename ('detailed version'), this document is a project-by-project narrative explanation report (each page describes one policy initiative with a headline yen figure), NOT the standard 組織/項/経費 itemized ledger table format used by every other authority sampled so far in this census. A full listing of all 10 PDFs on MHLW's own FY2024 index page was independently reviewed and confirmed to contain no formal ledger-style detail table under any label. Recorded as a genuine outlier, not an acquisition failure. Part of FY2024 all-authority format census; no row selected, no Ground Truth."
cfa-fy2024-general-account-expenditure-request,令和6年度一般会計歳出概算要求書,https://www.cfa.go.jp/assets/contents/node/basic_page/field_ref_resources/88749a20-e454-4a5b-9da8-3a32e1788a23/585bb95a/20230907_policies_budget_04.pdf,application/pdf,2024,request,こども家庭庁,2026-09-27T10:13:26.830Z,49a975a4436da6d53319a32ca745e2d110c42839c441c6302a7361ed9a62e4cc,sources/raw/cfa-fy2024-general-account-expenditure-request.pdf (git-ignored; binary hash-locked at sources/source-lock.json),"147 pages, A4 landscape, Producer 'List Creator', not encrypted, PDF 1.3. Discovered via MOF cross-ministry link table -> CFA's own budget policy page. Plain fetch succeeded. Standard ledger grammar confirmed on a sampled interior page, printed page label '内（こ）' (a shared 内閣府 page-label-prefix convention, since CFA is a newly-created FY2023 external bureau of the Cabinet Office). Part of FY2024 all-authority format census; no row selected, no Ground Truth."
fsa-fy2024-general-account-expenditure-request-full,令和6年度歳出概算要求書（一般会計）全体版,https://www.fsa.go.jp/common/budget/yosan/6youkyuu-2/01.pdf,application/pdf,2024,request,金融庁,2026-09-27T10:13:27.490Z,9803cfd8e2f33592ae01612cce6e570e56208f1a758027b09d69055cff91cb9b,sources/raw/fsa-fy2024-general-account-expenditure-request-full.pdf (git-ignored; binary hash-locked at sources/source-lock.json),"77 pages, A4 landscape, Creator 'DocuWorks Desk 9.1.0', Producer 'DocuWorks PDF Build 7.0.10' (a toolchain not seen anywhere else in this census), not encrypted, PDF 1.4. Discovered via MOF cross-ministry link table -> FSA's own budget page, which splits its own package into 12 separate role-suffixed PDFs (01=full through 12=amount list) -- the most granular package split observed in this census so far, more granular than case-004/MEXT's 4-file split. MAJOR DISCLOSED FINDING: pdffonts confirms ZERO embedded fonts and pdftotext returns empty text on every sampled page -- this PDF has NO text layer at all (a rasterized/scanned document), confirmed visually via pdftoppm render to show the identical standard ledger grammar (要求番号/事項/前年度予算額/6年度概算要求額/対前年度比較増△減/備考, printed page label '内（金）') as every text-layer authority in this census, but with zero machine-extractable text. This is a structurally new format family not present in case-001-005. Part of FY2024 all-authority format census; no row selected, no Ground Truth."
npa-fy2024-general-account-expenditure-request,令和6年度歳出概算要求書（一般会計）,https://www.npa.go.jp/policies/budget/r6/gaisanyokyu/ippankaikei.pdf,application/pdf,2024,request,警察庁,2026-09-27T10:13:27.752Z,efbfdfefbf4d6c4f85c1da1867348c96964a56fefe6d4c952291e2bf3448e837,sources/raw/npa-fy2024-general-account-expenditure-request.pdf (git-ignored; binary hash-locked at sources/source-lock.json),"112 pages, A4 landscape, Producer 'JUST PDF 4', not encrypted, PDF 1.4. Discovered via MOF cross-ministry link table -> NPA's own budget landing page. Plain fetch succeeded. Standard ledger grammar confirmed, printed page label '内（警）', long subordinate accounting codes in the same 'NNNNN-NNNN-NN-NNNN' shape as case-004/MEXT's own sub-line-items (e.g. '95014-2115-16-7500'). Part of FY2024 all-authority format census; no row selected, no Ground Truth."
moj-fy2024-general-account-expenditure-request,令和6年度歳出概算要求書（一般会計）,https://www.moj.go.jp/content/001402818.pdf,application/pdf,2024,request,法務省,2026-09-27T10:13:33.148Z,bd5ce9c5dee48b03407e9a8d4050f3992c8a515f510c0339364316448dd9cf8c,sources/raw/moj-fy2024-general-account-expenditure-request.pdf (git-ignored; binary hash-locked at sources/source-lock.json),"737 pages, A4 portrait, Producer 'JUST PDF 5', not encrypted, PDF 1.5 -- the largest page count and largest file size (147MB) in this census so far. Discovered via MOF cross-ministry link table -> MOJ's own budget page. Plain fetch succeeded. MAJOR DISCLOSED FINDING, same family as FSA: pdffonts confirms ZERO embedded fonts and pdftotext returns empty text on every sampled page across the whole document -- this PDF has NO text layer at all, confirmed visually via pdftoppm render to show the identical standard ledger grammar (要求番号/事項/前年度予算額/6年度概算要求額/対前年度比較増△減/備考, printed page label '法（本）'), same NN-NN expense-code convention ('95014-2123-09-5510'), as every text-layer authority in this census, but with zero machine-extractable text. Part of FY2024 all-authority format census; no row selected, no Ground Truth."
mof-fy2024-general-account-expenditure-request,令和6年度歳出概算要求書（一般会計）,https://www.mof.go.jp/about_mof/mof_budget/budget/fy2024/2024ippan_2.pdf,application/pdf,2024,request,財務省,2026-09-27T10:13:33.552Z,6cc573bf64747e4ceb41597cc83e371f5d8144a02e3e9033501597d64cfbbc5e,sources/raw/mof-fy2024-general-account-expenditure-request.pdf (git-ignored; binary hash-locked at sources/source-lock.json),"297 pages, A4 landscape, Producer 'List Creator', permission-only AES encryption (print:yes copy:yes change:no addNotes:no -- same encryption class as case-004/MEXT), PDF 1.6. Discovered directly from MOF's own cross-ministry link table (MOF is itself listed as a census authority, distinct from its role hosting the index page). Plain fetch succeeded. Standard ledger grammar confirmed, printed page label '財（本）', with a distinctive lettered sub-item scheme (ｉ/ｊ/ｋ fullwidth-romanized letters) not observed in case-001-005 or elsewhere in this census's Batch A. Part of FY2024 all-authority format census; no row selected, no Ground Truth."
